imdbId,titleType,Year
0166938,tvSeries,2020
0222607,tvSeries,2020
0280237,tvSeries,2020
0286360,tvSeries,2022
0296388,tvSeries,2020
0307721,tvSeries,2021
0313087,tvSeries,2020
0397172,tvSeries,2023
0429087,tvSeries,2022
0489431,tvSeries,2022
0804484,tvSeries,2021
0808224,tvSeries,2025
0808491,tvSeries,2023
10005938,tvSeries,2020
10006418,tvSeries,2020
10007310,tvSeries,2020
10009170,tvSeries,2020
10011298,tvSeries,2020
10011518,tvSeries,2024
10016724,tvSeries,2023
10023294,tvSeries,2021
10036104,tvSeries,2020
10037034,tvSeries,2020
10043766,tvSeries,2020
10047422,tvSeries,2020
10048452,tvSeries,2020
10048636,tvSeries,2022
10048926,tvSeries,2021
10049610,tvSeries,2020
10050740,tvSeries,2022
10054992,tvSeries,2025
10057860,tvSeries,2020
10058166,tvSeries,2020
10062046,tvSeries,2022
10062292,tvSeries,2020
10062652,tvSeries,2020
10064124,tvSeries,2020
10065678,tvSeries,2020
10068086,tvSeries,2020
10068932,tvSeries,2020
10074112,tvSeries,2020
10074330,tvSeries,2024
10087444,tvSeries,2020
10087640,tvSeries,2020
10091040,tvSeries,2020
10091306,tvSeries,2020
10091948,tvSeries,2020
10092764,tvSeries,2020
10094402,tvSeries,2020
10094546,tvSeries,2025
10097594,tvSeries,2021
10097704,tvSeries,2020
10098214,tvSeries,2022
10098366,tvSeries,2022
10098458,tvSeries,2020
10098620,tvSeries,2020
10098728,tvSeries,2022
10100318,tvSeries,2024
10101518,tvSeries,2020
10112282,tvSeries,2022
10119538,tvSeries,2021
10119542,tvSeries,2020
10121290,tvSeries,2023
10121826,tvSeries,2020
10122474,tvSeries,2020
10124756,tvSeries,2020
10130892,tvSeries,2020
10132320,tvSeries,2020
10132406,tvSeries,2020
10132538,tvSeries,2020
10133336,tvSeries,2021
10133350,tvSeries,2020
10133366,tvSeries,2021
10136624,tvSeries,2020
10137192,tvSeries,2023
10138386,tvSeries,2020
10140028,tvSeries,2021
10140562,tvSeries,2020
10145110,tvSeries,2020
10146250,tvSeries,2023
10147664,tvSeries,2021
10147894,tvSeries,2020
10148174,tvSeries,2020
10150154,tvSeries,2020
10150214,tvSeries,2023
10150990,tvSeries,2021
10151772,tvSeries,2020
10161652,tvSeries,2020
10162496,tvSeries,2020
10162586,tvSeries,2020
10163204,tvSeries,2021
10163224,tvSeries,2020
10166602,tvSeries,2020
10167012,tvSeries,2025
10168312,tvSeries,2021
10168662,tvSeries,2020
10171532,tvSeries,2020
10171930,tvSeries,2020
10180844,tvSeries,2022
10182902,tvSeries,2020
10182942,tvSeries,2024
10183988,tvSeries,2020
10188146,tvSeries,2023
10189204,tvSeries,2022
10192690,tvSeries,2020
10193026,tvSeries,2024
10193046,tvSeries,2020
10193538,tvSeries,2020
10195772,tvSeries,2020
10196378,tvSeries,2020
10196394,tvSeries,2020
10204658,tvSeries,2020
10207616,tvSeries,2020
10208410,tvSeries,2020
10213180,tvSeries,2021
10215246,tvSeries,2020
10219338,tvSeries,2020
10219416,tvSeries,2020
10222764,tvSeries,2020
10225100,tvSeries,2020
10225108,tvSeries,2020
10225224,tvSeries,2022
10225276,tvSeries,2020
10228542,tvSeries,2021
10230370,tvSeries,2020
10230502,tvSeries,2020
10231312,tvSeries,2021
10233774,tvSeries,2020
10234362,tvSeries,2020
10236760,tvSeries,2020
10238792,tvSeries,2021
10241238,tvSeries,2020
10241858,tvSeries,2023
10244600,tvSeries,2022
10245374,tvSeries,2020
10248628,tvSeries,2020
10249678,tvSeries,2020
10255296,tvSeries,2020
10257240,tvSeries,2021
10261286,tvSeries,2020
10261304,tvSeries,2020
10262630,tvSeries,2020
10262666,tvSeries,2022
10262962,tvSeries,2020
10266874,tvSeries,2020
10267798,tvSeries,2020
10268080,tvSeries,2020
10270200,tvSeries,2023
10271198,tvSeries,2025
10271544,tvSeries,2020
10274026,tvSeries,2020
10276462,tvSeries,2020
10276524,tvSeries,2020
10278918,tvSeries,2022
10279176,tvSeries,2021
10283966,tvSeries,2020
10285166,tvSeries,2020
10285250,tvSeries,2020
10293938,tvSeries,2020
10295456,tvSeries,2021
10303864,tvSeries,2020
10305992,tvSeries,2020
10306320,tvSeries,2020
10308554,tvSeries,2020
10308632,tvSeries,2020
10309118,tvSeries,2021
10311562,tvSeries,2020
10312854,tvSeries,2021
10312964,tvSeries,2020
10314462,tvSeries,2020
10320398,tvSeries,2020
10322050,tvSeries,2025
10323338,tvSeries,2020
10324164,tvSeries,2022
10325960,tvSeries,2023
10327294,tvSeries,2020
10327412,tvSeries,2020
10327526,tvSeries,2020
10327830,tvSeries,2020
10328494,tvSeries,2021
10329044,tvSeries,2020
10329132,tvSeries,2020
10329642,tvSeries,2021
10329660,tvSeries,2020
10333340,tvSeries,2020
10338134,tvSeries,2022
10338160,tvSeries,2021
10341062,tvSeries,2020
10344362,tvSeries,2020
10344410,tvSeries,2021
10344470,tvSeries,2021
10345822,tvSeries,2024
10345950,tvSeries,2022
10347886,tvSeries,2020
10348078,tvSeries,2020
10348228,tvSeries,2025
10348700,tvSeries,2020
10349138,tvSeries,2022
10356466,tvSeries,2021
10359820,tvSeries,2020
10361934,tvSeries,2020
10365022,tvSeries,2024
10365620,tvSeries,2020
10366552,tvSeries,2023
10367698,tvSeries,2020
10368120,tvSeries,2020
10369484,tvSeries,2023
10370426,tvSeries,2020
10370486,tvSeries,2020
10370714,tvSeries,2021
10370724,tvSeries,2021
10370730,tvSeries,2021
10370750,tvSeries,2020
10370752,tvSeries,2021
10370978,tvSeries,2020
10371052,tvSeries,2020
10371088,tvSeries,2020
10374492,tvSeries,2021
10375742,tvSeries,2020
10379018,tvSeries,2020
10380642,tvSeries,2020
10380768,tvSeries,2020
10380784,tvSeries,2020
10380884,tvSeries,2020
10380896,tvSeries,2021
10380934,tvSeries,2020
10383046,tvSeries,2020
10383936,tvSeries,2020
10384106,tvSeries,2020
10384290,tvSeries,2020
10388018,tvSeries,2020
10390500,tvSeries,2021
10394422,tvSeries,2020
10394706,tvSeries,2020
10394770,tvSeries,2020
10394778,tvSeries,2020
10394844,tvSeries,2020
10395006,tvSeries,2020
10398344,tvSeries,2020
10399810,tvSeries,2020
10399928,tvSeries,2022
10399966,tvSeries,2022
10403202,tvSeries,2024
10403246,tvSeries,2020
10403530,tvSeries,2020
10404556,tvSeries,2020
10404698,tvSeries,2020
10405220,tvSeries,2020
10405370,tvSeries,2022
10406826,tvSeries,2020
10408914,tvSeries,2021
10410130,tvSeries,2020
10411158,tvSeries,2020
10414426,tvSeries,2020
10421458,tvSeries,2023
10422382,tvSeries,2020
10423732,tvSeries,2020
10431864,tvSeries,2020
10431990,tvSeries,2021
10432130,tvSeries,2021
10432158,tvSeries,2021
10436228,tvSeries,2020
10436284,tvSeries,2021
10436362,tvSeries,2021
10438490,tvSeries,2020
10448616,tvSeries,2020
10449032,tvSeries,2021
10449320,tvSeries,2020
10451240,tvSeries,2020
10453304,tvSeries,2023
10456408,tvSeries,2020
10460918,tvSeries,2020
10465962,tvSeries,2020
10466872,tvSeries,2024
10468622,tvSeries,2020
10473150,tvSeries,2020
10473710,tvSeries,2021
10474134,tvSeries,2020
10474292,tvSeries,2020
10476258,tvSeries,2020
10476608,tvSeries,2021
10477876,tvSeries,2020
10477884,tvSeries,2020
10478054,tvSeries,2021
10482370,tvSeries,2020
10482560,tvSeries,2020
10482720,tvSeries,2020
10483020,tvSeries,2020
10487750,tvSeries,2020
10487858,tvSeries,2020
10488860,tvSeries,2021
10491760,tvSeries,2020
10493412,tvSeries,2020
10495654,tvSeries,2020
10496580,tvSeries,2020
10497564,tvSeries,2020
10498680,tvSeries,2021
10506510,tvSeries,2020
10507364,tvSeries,2022
10508394,tvSeries,2020
10510114,tvSeries,2020
10512694,tvSeries,2021
10516188,tvSeries,2020
10516276,tvSeries,2020
10516344,tvSeries,2021
10516352,tvSeries,2020
10516496,tvSeries,2021
10516730,tvSeries,2020
10518284,tvSeries,2020
10520034,tvSeries,2021
10521010,tvSeries,2025
10521204,tvSeries,2020
10521490,tvSeries,2020
10529264,tvSeries,2020
10537416,tvSeries,2020
10537834,tvSeries,2021
10540276,tvSeries,2021
10540562,tvSeries,2020
10540686,tvSeries,2020
10541088,tvSeries,2021
10541120,tvSeries,2020
10544944,tvSeries,2021
10545272,tvSeries,2020
10545652,tvSeries,2020
10546966,tvSeries,2020
10549284,tvSeries,2025
10553296,tvSeries,2024
10553984,tvSeries,2020
10556222,tvSeries,2020
10558236,tvSeries,2020
10558660,tvSeries,2022
10560068,tvSeries,2020
10560072,tvSeries,2020
10560194,tvSeries,2023
10560238,tvSeries,2020
10562676,tvSeries,2020
10569274,tvSeries,2020
10569810,tvSeries,2020
10569934,tvSeries,2024
10569986,tvSeries,2020
10570054,tvSeries,2020
10572620,tvSeries,2020
10577736,tvSeries,2020
10578000,tvSeries,2021
10580064,tvSeries,2020
10580372,tvSeries,2020
10584350,tvSeries,2020
10584436,tvSeries,2020
10584608,tvSeries,2020
10585548,tvSeries,2020
10588544,tvSeries,2023
10588634,tvSeries,2020
10589968,tvSeries,2020
10590066,tvSeries,2020
10590204,tvSeries,2020
10592866,tvSeries,2021
10595374,tvSeries,2025
10597242,tvSeries,2020
10598290,tvSeries,2022
10599722,tvSeries,2020
10601500,tvSeries,2025
10602666,tvSeries,2021
10602976,tvSeries,2020
10608454,tvSeries,2021
10611608,tvSeries,2022
10612644,tvSeries,2021
10613490,tvSeries,2021
10613832,tvSeries,2020
10614090,tvSeries,2020
10614122,tvSeries,2020
10616558,tvSeries,2021
10619376,tvSeries,2020
10619404,tvSeries,2020
10619486,tvSeries,2021
10619810,tvSeries,2020
10622076,tvSeries,2020
10623646,tvSeries,2022
10625492,tvSeries,2024
10625812,tvSeries,2020
10627334,tvSeries,2020
10627676,tvSeries,2020
10631792,tvSeries,2020
10635210,tvSeries,2020
10635624,tvSeries,2020
10635878,tvSeries,2021
10638036,tvSeries,2022
10638072,tvSeries,2020
10644220,tvSeries,2020
10650772,tvSeries,2020
10651790,tvSeries,2020
10653784,tvSeries,2021
10654954,tvSeries,2020
10655480,tvSeries,2020
10655506,tvSeries,2020
10655954,tvSeries,2020
10656162,tvSeries,2020
10659368,tvSeries,2020
10660626,tvSeries,2020
10661302,tvSeries,2020
10661886,tvSeries,2020
10662034,tvSeries,2021
10662364,tvSeries,2020
10664510,tvSeries,2020
10665206,tvSeries,2021
10666608,tvSeries,2020
10671232,tvSeries,2022
10671628,tvSeries,2020
10671842,tvSeries,2020
10673304,tvSeries,2020
10675070,tvSeries,2020
10681240,tvSeries,2021
10681780,tvSeries,2020
10681910,tvSeries,2021
10682432,tvSeries,2020
10683252,tvSeries,2022
10684302,tvSeries,2020
10684374,tvSeries,2021
10686630,tvSeries,2021
10686712,tvSeries,2020
10687184,tvSeries,2020
10687202,tvSeries,2021
10687266,tvSeries,2020
10687464,tvSeries,2020
10687992,tvSeries,2020
10689614,tvSeries,2020
10690618,tvSeries,2021
10692686,tvSeries,2020
10697560,tvSeries,2020
10697584,tvSeries,2020
10697782,tvSeries,2020
10698534,tvSeries,2022
10698856,tvSeries,2020
10699300,tvSeries,2020
10699394,tvSeries,2020
10701038,tvSeries,2020
10706434,tvSeries,2021
9860602,tvSeries,2020
9860650,tvSeries,2020
9860660,tvSeries,2020
9860690,tvSeries,2022
9875258,tvSeries,2024
9883868,tvSeries,2023
9889392,tvSeries,2023
9889960,tvSeries,2020
9892936,tvSeries,2024
9893528,tvSeries,2021
9893838,tvSeries,2021
9893856,tvSeries,2020
9900092,tvSeries,2020
9914162,tvSeries,2020
9916128,tvSeries,2022
364,movie,8587
527,movie,108052
1214,movie,78748
1721,movie,120338
1997,movie,70047
2028,movie,120815
2700,movie,158983
4308,movie,203009
4993,movie,120737
5952,movie,167261
235241,movie,903747
25682,movie,274166
0158429,tvSeries,2018
0188360,tvSeries,2015
0199217,tvSeries,2017
0303570,tvSeries,2016
0367441,tvSeries,2017
0380870,tvSeries,2018
0383158,tvSeries,2015
0392988,tvSeries,2017
0400059,tvSeries,2015
0429350,tvSeries,2019
0475784,tvSeries,2016
0489974,tvSeries,2019
0800296,tvSeries,2016
10001882,tvSeries,2019
10002900,tvSeries,2019
10003058,tvSeries,2016
10003340,tvSeries,2018
10003352,tvSeries,2019
10003392,tvSeries,2019
10003494,tvSeries,2015
10003784,tvSeries,2019
10003848,tvSeries,2015
10003858,tvSeries,2019
10003984,tvSeries,2019
10004066,tvSeries,2017
10004088,tvSeries,2019
10004402,tvSeries,2019
10004466,tvSeries,2018
10004896,tvSeries,2019
10005086,tvSeries,2018
10005140,tvSeries,2018
10005160,tvSeries,2018
10005214,tvSeries,2019
10005384,tvSeries,2019
10005454,tvSeries,2019
10005610,tvSeries,2018
10005626,tvSeries,2019
10005876,tvSeries,2019
10005898,tvSeries,2018
10005906,tvSeries,2019
10005932,tvSeries,2018
10006004,tvSeries,2019
10006098,tvSeries,2018
10006120,tvSeries,2019
10006280,tvSeries,2019
10006462,tvSeries,2017
10006504,tvSeries,2019
32880759,movie,2024
32880767,movie,2022
32880797,movie,2024
32880806,tvSeries,2024
32880809,movie,2023
32880817,tvSeries,2024
32880828,movie,2024
32880838,movie,2024
32880849,movie,2024
32880855,tvSeries,2024
32880874,movie,2024
32880915,tvSeries,2024
32880925,tvSeries,2024
32880932,movie,2024
32881046,tvSeries,2025
32881060,movie,2024
32881100,movie,2024
32881107,movie,2024
32881130,tvSeries,2024
32881135,movie,2024
32881146,movie,2024
32881169,movie,2024
32881174,movie,2025
32881181,tvSeries,2024
32881186,tvSeries,2024
32881217,movie,2024
32881242,tvSeries,2025
32881248,movie,2024
32881250,movie,2024
32881276,tvSeries,2024
32881332,tvSeries,2024
32881338,movie,2024
32881350,movie,2024
32881356,tvSeries,2023
32881418,movie,2024
32881420,movie,2021
32881426,tvSeries,2024
32881437,movie,2024
32881442,movie,2024
32881460,movie,2024
32881470,movie,2024
32881477,movie,2024
32881480,movie,2024
32881486,movie,2024
32881491,movie,2024
32881541,tvSeries,2024
32881548,movie,2024
32884518,movie,2024
32885650,movie,2023
32886597,tvSeries,2023
32886599,movie,2024
32886614,movie,2024
32886643,movie,2025
32886647,movie,2020
32886648,movie,2024
32886675,movie,2024
32886686,movie,2023
32886701,movie,2024
32886725,movie,2024
32886746,movie,2024
32886747,tvSeries,2023
32886845,movie,2021
32886857,movie,2024
32886879,movie,2024
32886887,movie,2024
32886912,movie,2023
32886926,movie,2024
32886992,movie,2024
32887005,movie,2024
32887020,movie,2024
32887037,movie,2024
32887042,tvSeries,2024
32887077,tvSeries,2024
32887081,tvSeries,2020
32887084,movie,2024
32887088,movie,2024
32887096,movie,2024
32887141,movie,2024
32887164,tvSeries,2024
32887170,tvSeries,2020
32887174,tvSeries,2022
32887283,movie,2024
32887285,movie,2024
32887292,tvSeries,2025
32887317,movie,2025
32887341,movie,2024
32887457,movie,2024
32887593,movie,2024
32887752,movie,2024
32887765,movie,2024
32887865,tvSeries,2024
32887939,movie,2024
32888092,movie,2025
32888130,movie,2025
32888296,movie,2024
32888432,movie,2024
32888451,movie,2025
32888492,movie,2024
32888550,movie,2025
32888553,movie,2024
32888562,movie,2021
32889090,movie,2024
32889222,tvSeries,2024
32889353,movie,2025
32889420,movie,2024
32889446,tvSeries,2024
32889461,movie,2024
32889541,tvSeries,2024
32889570,movie,2022
32889590,movie,2025
32889591,tvSeries,2024
32889628,movie,2024
32889629,movie,2024
32889634,movie,2023
32889638,movie,2024
32889657,movie,2024
32889672,tvSeries,2024
32889695,movie,2024
32889703,movie,2024
32889714,movie,2023
32889756,movie,2024
32889908,tvSeries,2024
32889937,movie,2024
32889949,movie,2024
32889955,tvSeries,2024
32889967,movie,2024
32890012,movie,2020
32890051,movie,2024
32890076,movie,2024
32890089,movie,2024
32890109,movie,2024
32890119,movie,2024
32890130,movie,2024
32890174,movie,2024
32890186,movie,2024
32890201,tvSeries,2024
32890300,tvSeries,2024
32890304,movie,2024
32891170,tvSeries,2024
32891510,movie,2024
32891574,tvSeries,2023
32893011,movie,2023
32893044,movie,2023
32893045,tvSeries,2024
32893046,movie,2024
32893047,tvSeries,2023
32893053,movie,2024
32893056,movie,2023
32893059,tvSeries,2024
32893068,movie,2023
32893073,movie,2024
32893080,movie,2024
32893084,movie,2024
32893509,movie,2025
32893892,movie,2024
32894053,movie,2024
32894764,movie,2024
32894936,tvSeries,2023
32895708,movie,2025
32895787,tvSeries,2024
32895799,movie,2024
32895814,movie,2023
32896259,tvSeries,2024
32896429,movie,2024
32896443,tvSeries,2023
32896473,tvSeries,2023
32896493,movie,2024
32896505,tvSeries,2024
32896570,tvSeries,2024
32896582,movie,2024
32896635,tvSeries,2022
32896676,movie,2025
32896683,movie,2023
32896732,tvSeries,2024
32896746,tvSeries,2024
32896805,movie,2025
32896813,movie,2022
32896845,movie,2024
32896885,tvSeries,2024
32896896,movie,2024
32896915,movie,2024
32896927,tvSeries,2024
32896944,movie,2024
32896982,movie,2024
32896989,movie,2025
32897066,movie,2024
32897109,movie,2025
32897209,movie,2023
32897271,tvSeries,2024
32897276,tvSeries,2024
32897280,tvSeries,2024
32897283,movie,2025
32897306,movie,2024
32897340,movie,2024
32897360,movie,2024
32897361,movie,2024
32897459,movie,2024
32897486,tvSeries,2025
32897524,tvSeries,2024
32897525,movie,2024
32897575,tvSeries,2023
32897615,movie,2024
32897660,movie,2023
32897721,movie,2024
32897722,movie,2024
32897761,movie,2024
32897778,movie,2023
32897791,movie,2024
32897800,tvSeries,2024
32897831,movie,2024
32897842,tvSeries,2021
32897858,tvSeries,2024
32897860,movie,2024
32897862,movie,2024
32897864,movie,2024
32897873,movie,2023
32897929,movie,2025
32897976,movie,2024
32898016,movie,2024
32898064,movie,2024
32898074,movie,2023
32898113,movie,2024
32898117,movie,2024
32898174,movie,2023
32898183,tvSeries,2024
32898208,movie,2023
32898215,movie,2024
32899887,movie,2024
32899921,movie,2024
32901417,movie,2024
32901835,movie,2024
32901945,movie,2024
32902368,movie,2024
32902814,tvSeries,2024
32902820,tvSeries,2024
32902839,movie,2023
32902855,movie,2025
32902889,tvSeries,2024
32903026,movie,2024
32903029,movie,2024
32903031,tvSeries,2023
32903033,tvSeries,2025
32903034,tvSeries,2024
32903041,movie,2024
32903053,movie,2024
32903076,movie,2024
32903083,movie,2024
32903118,movie,2024
32903215,tvSeries,2024
3290322,movie,2020
32903239,tvSeries,2024
32903258,movie,2024
32903279,movie,2024
32903281,movie,2025
32903354,movie,2025
32903363,movie,2023
32903364,movie,2024
32903395,movie,2023
32903418,movie,2024
32903427,movie,2024
32903446,movie,2024
32903459,movie,2024
32903520,tvSeries,2024
32903646,tvSeries,2023
32903760,tvSeries,2022
32903765,tvSeries,2023
32903794,tvSeries,2024
32903800,movie,2024
32903867,movie,2024
32903971,movie,2024
32904005,movie,2024
32904037,movie,2024
32904083,movie,2024
32904093,movie,2024
32904120,tvSeries,2024
32904178,movie,2025
32904181,movie,2025
32904232,movie,2024
32904235,tvSeries,2024
32904302,movie,2025
32904322,tvSeries,2024
32904437,tvSeries,2024
32904458,tvSeries,2021
32906821,movie,2025
32907201,movie,2023
32907224,tvSeries,2024
32907226,movie,2024
32907256,movie,2021
32907310,tvSeries,2024
32907390,tvSeries,2024
32907397,movie,2024
32907401,movie,2024
32907406,movie,2024
32907407,tvSeries,2024
32907482,movie,2025
32907500,movie,2024
32907595,movie,2024
32907596,tvSeries,2024
32907598,movie,2023
32907607,tvSeries,2023
32907954,movie,2021
32907955,movie,2024
32908021,tvSeries,2024
32908148,tvSeries,2024
32908153,movie,2021
32908498,movie,2023
32908501,movie,2024
32908556,movie,2024
32908727,movie,2022
32908732,movie,2024
32908735,movie,2024
32908741,movie,2024
32908802,movie,2024
32908832,movie,2024
32908840,movie,2024
32908882,tvSeries,2024
32908885,movie,2024
32908918,movie,2024
32908951,tvSeries,2024
32908954,movie,2024
32908982,movie,2024
32908989,movie,2023
32909033,movie,2024
32909086,movie,2021
32909169,tvSeries,2024
32909225,movie,2024
32909275,tvSeries,2024
32909280,movie,2024
32909295,movie,2024
32909342,movie,2024
32909343,movie,2025
32909346,movie,2022
32909350,movie,2022
32909352,tvSeries,2020
32909353,movie,2022
32909363,movie,2022
32909365,movie,2022
32909366,movie,2022
32909368,movie,2021
32909376,movie,2023
32909395,movie,2024
32909441,movie,2024
32909448,tvSeries,2024
32909454,movie,2025
32909476,tvSeries,2024
32909479,movie,2025
32909489,movie,2025
32909580,movie,2024
32909590,movie,2023
32909627,movie,2024
32909737,movie,2025
32909828,movie,2023
32909875,movie,2024
32909899,movie,2024
3291150,movie,2023
32912054,movie,2025
32914868,tvSeries,2024
32914899,tvSeries,2024
32914942,tvSeries,2024
32914970,movie,2024
32915063,movie,2024
32915081,movie,2024
32915101,movie,2024
32915109,movie,2025
32915117,movie,2024
32915119,movie,2024
32915152,movie,2024
32915189,tvSeries,2024
32915252,tvSeries,2025
32915305,movie,2024
32915316,movie,2024
32915369,tvSeries,2024
32915411,movie,2025
32915415,movie,2024
32915419,tvSeries,2023
32915470,movie,2025
32915499,movie,2024
32915549,movie,2025
32915550,movie,2023
32915562,tvSeries,2024
32915575,movie,2024
32915592,movie,2024
32915621,tvSeries,2023
32915708,movie,2024
32915732,movie,2023
32915759,tvSeries,2025
32915791,movie,2024
32915874,movie,2025
32915888,tvSeries,2025
32915896,movie,2023
32915954,movie,2024
32915983,tvSeries,2024
32915989,movie,2024
32916017,movie,2024
32916068,movie,2023
32916093,movie,2024
32916114,movie,2023
32916127,movie,2024
32916137,tvSeries,2022
32916201,movie,2024
32916222,movie,2024
32916228,movie,2025
32916229,movie,2024
32916240,movie,2025
32916268,tvSeries,2024
32916275,tvSeries,2024
32916298,tvSeries,2024
32916307,movie,2024
32916333,movie,2024
32916351,movie,2024
32916359,tvSeries,2024
32916375,movie,2025
32916423,movie,2024
32916435,movie,2024
32916440,movie,2025
32916495,tvSeries,2024
32916565,movie,2024
32916582,movie,2021
32916594,movie,2025
32916627,movie,2021
32916648,movie,2025
9867628,movie,2023
9868158,movie,2020
9869564,movie,2020
9871454,movie,2022
9871990,movie,2022
9872558,movie,2023
9873376,movie,2023
9873652,movie,2021
9873892,movie,2023
9873930,movie,2020
9875128,movie,2020
9875258,tvSeries,2024
9875310,movie,2020
9876298,movie,2020
9876584,movie,2024
9877072,movie,2020
9877138,movie,2020
9877170,movie,2020
9878054,movie,2022
9878246,movie,2022
9878650,movie,2023
9879042,movie,2023
9881312,movie,2023
9881630,movie,2020
9881678,movie,2023
9881850,movie,2024
9881942,movie,2023
9883074,movie,2020
9883398,movie,2024
9883582,movie,2020
9883664,movie,2022
9883832,movie,2022
9883868,tvSeries,2023
9883996,movie,2020
9884202,movie,2023
9884388,movie,2023
9885000,movie,2023
9886784,movie,2020
9887180,movie,2021
9887580,movie,2020
9888954,movie,2022
9889392,tvSeries,2023
9889716,movie,2022
9889960,tvSeries,2020
9890120,movie,2021
9890308,movie,2020
9890326,movie,2020
9891640,movie,2020
9891830,movie,2022
9892094,movie,2020
9892546,movie,2022
9892604,movie,2021
9892936,tvSeries,2024
9893012,movie,2021
9893084,movie,2021
9893130,movie,2022
9893158,movie,2022
9893160,movie,2022
9893250,movie,2020
9893266,movie,2021
9893528,tvSeries,2021
9893824,movie,2020
9893838,tvSeries,2021
9893856,tvSeries,2020
9893918,movie,2021
9894440,movie,2020
9894450,movie,2020
9894660,movie,2020
9895024,movie,2021
9896102,movie,2020
9896768,movie,2021
9896876,movie,2021
9897230,movie,2023
9897258,movie,2020
9898328,movie,2025
9898844,movie,2021
9898858,movie,2020
9899344,movie,2025
9899828,movie,2021
9900092,tvSeries,2020
9900940,movie,2021
9902160,movie,2020
9904004,movie,2020
9904648,movie,2022
9904802,movie,2020
9907782,movie,2021
9908390,movie,2020
9910530,movie,2020
9911046,movie,2020
9911196,movie,2020
9913288,movie,2020
9914162,tvSeries,2020
9914192,movie,2020
9914972,movie,2021
9916128,tvSeries,2022
9916190,movie,2020
9916270,movie,2020
9916362,movie,2020
0011801,movie,2019
0062336,movie,2020
0069049,movie,2018
0070596,movie,2023
0077684,movie,2022
0093119,movie,2020
0097767,movie,2022
0100275,movie,2017
0111414,movie,2018
0111596,movie,2015
0112502,movie,2017
0116991,movie,2019
0120589,movie,2022
0137204,movie,2017
0137818,movie,2018
0155174,movie,2025
0158429,tvSeries,2018
0164115,movie,2023
0166938,tvSeries,2020
0169526,movie,2022
0172182,movie,2018
0188360,tvSeries,2015
0191010,movie,2022
0192528,movie,2018
0195933,movie,2019
0199217,tvSeries,2017
0201206,movie,2022
0202523,movie,2024
0211266,movie,2022
0222607,tvSeries,2020
9916622,movie,2015
9916678,tvSeries,2019
9916730,movie,2017
0011801,movie,2019
0111596,movie,2015
0112502,movie,2017
0116991,movie,2019
0120589,movie,2022
0131356,movie,2014
0137204,movie,2017
0137818,movie,2018
0139613,movie,2012
0144449,movie,2012
0146592,movie,2010
0154039,movie,2010
0155174,movie,2025
0158429,tvSeries,2018
0159369,movie,2013
0162942,movie,2010
0164115,movie,2023
0166938,tvSeries,2020
0169526,movie,2022
0172182,movie,2018
0176694,movie,2011
0178691,movie,2010
30923217,tvSeries,2024
0011801,movie,2019
0062336,movie,2020
0069049,movie,2018
0093119,movie,2020
0100275,movie,2017
0108116,movie,2014
0111414,movie,2018
0111596,movie,2015
0112502,movie,2017
0116991,movie,2019
0131356,movie,2014
0137204,movie,2017
0137818,movie,2018
0139613,movie,2012
0144449,movie,2012
0146592,movie,2010
0154039,movie,2010
0158429,tvSeries,2018
0159369,movie,2013
0162942,movie,2010
0166938,tvSeries,2020
0172182,movie,2018
0176694,movie,2011
0178691,movie,2010
0179619,tvSeries,2014
0187902,movie,2011
0188360,tvSeries,2015
0192528,movie,2018
0195933,movie,2019
0199217,tvSeries,2017
0207877,tvSeries,2012
0210262,movie,2013
0210470,movie,2011
0222607,tvSeries,2020
0224826,tvSeries,2014
0228933,movie,2013
0230212,movie,2010
0244158,movie,2020
0247643,movie,2011
0248325,movie,2010
0249516,movie,2012
0255820,movie,2013
0261660,movie,2017
0275126,tvSeries,2012
0277124,movie,2016
0279481,movie,2019
0280237,tvSeries,2020
0283440,movie,2015
0285252,movie,2012
0293069,movie,2012
0293513,movie,2020
0296388,tvSeries,2020
0297400,movie,2015
0303475,tvSeries,2010
0303570,tvSeries,2016
0303961,movie,2010
0304681,movie,2013
0305811,movie,2015
0306058,movie,2012
0308078,movie,2016
0309228,tvSeries,2014
0311448,movie,2011
0312305,movie,2010
0313087,tvSeries,2020
0315642,movie,2016
0323808,movie,2011
0326592,movie,2010
0326965,movie,2010
0329539,movie,2014
0330987,movie,2014
0331312,movie,2010
0331314,movie,2017
0333897,movie,2019
0335630,tvSeries,2012
0337692,movie,2012
0337882,movie,2010
0337926,movie,2016
0339736,movie,2017
0339917,movie,2011
0343295,tvSeries,2011
0344644,tvSeries,2014
0346045,movie,2015
0354331,tvSeries,2013
0355131,tvSeries,2013
0359950,movie,2013
0360556,movie,2018
0364201,movie,2016
0365545,movie,2018
0365907,movie,2014
0367441,tvSeries,2017
0369168,tvSeries,2013
0369610,movie,2015
0370080,movie,2017
0372538,movie,2011
0374781,movie,2014
0376136,movie,2011
0376441,tvSeries,2013
0376479,movie,2016
0377981,movie,2011
0380870,tvSeries,2018
0383010,movie,2012
0383158,tvSeries,2015
0385887,movie,2019
0387112,movie,2011
0389717,movie,2015
0392988,tvSeries,2017
0393049,movie,2010
0396123,movie,2010
0397000,tvSeries,2013
0398286,movie,2010
0400059,tvSeries,2015
0400320,movie,2011
0401729,movie,2012
0402887,movie,2010
0403645,movie,2010
0403935,movie,2014
0404978,movie,2012
0405534,tvSeries,2013
0406282,movie,2011
0407194,movie,2011
0409379,movie,2013
0409847,movie,2011
0411951,movie,2010
0417610,movie,2010
0417750,movie,2010
0419692,movie,2010
0420293,movie,2015
0423474,movie,2010
0424859,movie,2014
0425785,movie,2011
0426410,movie,2010
0426566,movie,2012
0427152,movie,2010
0427543,movie,2018
0429350,tvSeries,2019
0429493,movie,2010
0430524,movie,2011
0431021,movie,2012
0431170,movie,2011
0432968,movie,2011
0433035,movie,2011
0433397,movie,2011
0433533,movie,2012
0435651,movie,2014
0435761,movie,2010
0436230,movie,2010
0436782,movie,2013
0437086,movie,2019
0437462,movie,2010
0438755,movie,2020
0439724,movie,2011
0439801,movie,2010
0441506,movie,2012
0441779,movie,2010
0441881,movie,2019
0443272,movie,2012
0443331,movie,2010
0443465,movie,2014
0443533,movie,2016
0444531,movie,2010
0445054,movie,2010
0446029,movie,2010
0446686,movie,2010
0446792,movie,2020
0448022,movie,2011
0448115,movie,2019
0448304,tvSeries,2010
0448694,movie,2011
0449005,movie,2010
0451108,movie,2010
0451154,movie,2011
0451201,movie,2017
0451279,movie,2017
0452183,movie,2013
0452664,movie,2012
0453562,movie,2013
0454155,movie,2010
0454876,movie,2012
0455323,movie,2012
0455407,movie,2010
0455944,movie,2014
0457591,movie,2010
0458339,movie,2011
0458413,movie,2014
0458481,movie,2014
0459748,movie,2011
0460528,movie,2012
0460778,movie,2010
0460809,movie,2011
0460890,movie,2017
0460957,movie,2012
0461336,movie,2011
0462036,movie,2012
0462335,movie,2015
0462516,movie,2010
0462536,movie,2011
0463311,movie,2010
0463960,movie,2013
0464032,movie,2010
0464054,movie,2014
0464154,movie,2010
0464162,movie,2010
0464812,movie,2015
0464891,movie,2011
0465637,movie,2010
0465760,movie,2010
0466553,movie,2010
0466893,movie,2011
0469021,movie,2013
0469094,movie,2010
0469152,movie,2011
0469158,movie,2011
0470752,movie,2014
0470936,movie,2016
0471042,movie,2011
0472181,movie,2011
0472399,movie,2011
0473075,movie,2010
0473088,movie,2011
0473122,movie,2011
0473343,movie,2010
0475239,movie,2012
0475290,movie,2016
0475360,movie,2012
0475784,tvSeries,2016
0475983,movie,2010
0476023,movie,2010
0477080,movie,2010
0477087,movie,2010
0477302,movie,2011
0478304,movie,2011
0478660,movie,2010
0478970,movie,2015
0479051,movie,2010
0479204,movie,2010
0479700,movie,2013
0479807,movie,2011
0479997,movie,2011
0480239,movie,2011
0480255,movie,2010
0480687,movie,2011
0481470,movie,2013
0481499,movie,2013
0482459,movie,2010
0482461,movie,2010
0483586,movie,2010
0483740,movie,2011
0483768,movie,2011
0483839,movie,2010
0484037,movie,2011
0484828,movie,2011
0485061,movie,2013
0485521,movie,2012
0485746,tvSeries,2011
0485985,movie,2012
0486622,movie,2012
0487001,tvSeries,2012
0489974,tvSeries,2019
0490075,movie,2013
0490199,movie,2010
0490215,movie,2016
0490236,movie,2010
0490847,movie,2011
0491152,movie,2011
0491175,movie,2017
0491203,movie,2017
0492389,movie,2010
0493076,movie,2016
0493405,movie,2017
0493949,movie,2010
0494229,movie,2010
0495024,movie,2012
0495037,movie,2010
0496375,movie,2013
0497352,movie,2010
0498025,tvSeries,2010
0498351,movie,2014
0498381,movie,2017
0499400,tvSeries,2011
0499608,movie,2010
0756727,movie,2010
0758752,movie,2010
0762138,movie,2013
0763831,movie,2012
0765446,movie,2012
0765453,movie,2016
0765465,movie,2010
0765485,movie,2010
0768187,movie,2010
0768222,movie,2012
0770703,movie,2011
0770728,movie,2011
0770778,movie,2010
0770802,movie,2011
0770819,movie,2017
0770828,movie,2013
0772175,movie,2014
0772179,movie,2011
0774519,movie,2010
0775440,movie,2016
0775461,movie,2010
0775489,movie,2010
0775543,movie,2010
0780504,movie,2011
0780541,tvSeries,2013
0780548,movie,2014
0780625,movie,2013
0780645,movie,2011
0780653,movie,2010
0781441,movie,2011
0782047,movie,2010
0783640,movie,2019
0787442,movie,2012
0787474,movie,2014
0787524,movie,2015
0790628,movie,2013
0790636,movie,2013
0790653,movie,2012
0790663,movie,2010
0790724,movie,2012
0790736,movie,2013
0790770,movie,2015
0790788,movie,2012
0791072,movie,2019
0795459,movie,2011
0795461,movie,2013
0798817,movie,2010
0800054,movie,2010
0800092,movie,2010
0800296,tvSeries,2016
0800320,movie,2010
0800325,movie,2019
0800353,movie,2010
0800369,movie,2011
0803061,movie,2011
0803096,movie,2016
0804463,movie,2013
0804465,tvSeries,2012
0804483,movie,2010
0804497,movie,2010
0804509,movie,2013
0805617,movie,2010
0805647,movie,2020
0808245,movie,2010
0808447,movie,2013
0808510,movie,2010
0810772,movie,2012
0810815,movie,2010
0810819,movie,2015
0810836,movie,2019
0810856,movie,2011
0810913,movie,2011
0810922,movie,2011
0811021,movie,2010
0811069,movie,2011
0811124,movie,2010
0811137,movie,2012
0811613,movie,2013
0813992,movie,2010
0814255,movie,2010
0815101,movie,2010
0815236,movie,2010
0816362,movie,2010
0816442,movie,2013
0816462,movie,2011
0816648,movie,2011
0816692,movie,2014
0816711,movie,2013
0817177,movie,2010
0817230,movie,2010
0817377,tvSeries,2011
0817545,movie,2013
0818098,movie,2010
0818172,movie,2010
63515,movie,22358
63826,movie,13220
64321,movie,1964
65088,movie,10202
65188,movie,15584
65261,movie,12429
66019,movie,46595
66200,movie,10362
66798,movie,15159
67197,movie,13811
67799,movie,16258
67923,movie,13804
68194,movie,21641
68319,movie,2080
68952,movie,16871
68959,movie,14003
69306,movie,18487
69685,movie,24232
69746,movie,16440
69951,movie,8054
70159,movie,21208
70293,movie,24803
70344,movie,30250
70599,movie,24420
70697,movie,19585
70751,movie,164741
71490,movie,21398
71520,movie,23082
71525,movie,61524
71732,movie,21910
71745,movie,16523
71876,movie,8915
72104,movie,44338
72395,movie,25793
72479,movie,28089
72683,movie,8353
73015,movie,22897
73268,movie,19901
73344,movie,21575
74089,movie,51120
74156,movie,12201
74486,movie,19311
74530,movie,32657
74532,movie,23742
74580,movie,23172
74946,movie,34016
76763,movie,27586
77658,movie,205300
78105,movie,9543
78111,movie,43317
78316,movie,37056
78469,movie,34544
78637,movie,10192
78967,movie,26932
0158429,tvSeries,2018
0166938,tvSeries,2020
0179612,tvSeries,2009
0179619,tvSeries,2014
0188360,tvSeries,2015
0199217,tvSeries,2017
0207877,tvSeries,2012
0222607,tvSeries,2020
0224826,tvSeries,2014
0235119,tvSeries,2008
0275126,tvSeries,2012
0280237,tvSeries,2020
0286360,tvSeries,2022
0295829,tvSeries,2009
0296388,tvSeries,2020
0303475,tvSeries,2010
0303570,tvSeries,2016
0307721,tvSeries,2021
0309228,tvSeries,2014
0313087,tvSeries,2020
0335630,tvSeries,2012
0343295,tvSeries,2011
0344644,tvSeries,2014
0354331,tvSeries,2013
0355131,tvSeries,2013
0367441,tvSeries,2017
0369035,tvSeries,2008
0369168,tvSeries,2013
0376441,tvSeries,2013
0380870,tvSeries,2018
0383158,tvSeries,2015
0392988,tvSeries,2017
0397000,tvSeries,2013
0397172,tvSeries,2023
0400059,tvSeries,2015
0405534,tvSeries,2013
0412141,tvSeries,2008
0421782,tvSeries,2008
0429087,tvSeries,2022
0429350,tvSeries,2019
0448304,tvSeries,2010
0456762,tvSeries,2009
0458290,tvSeries,2008
0465338,tvSeries,2009
0466615,tvSeries,2008
0468609,tvSeries,2008
0475784,tvSeries,2016
0485746,tvSeries,2011
0487001,tvSeries,2012
0489431,tvSeries,2022
0489606,tvSeries,2008
0489974,tvSeries,2019
0498025,tvSeries,2010
0499400,tvSeries,2011
0772145,tvSeries,2008
0772742,tvSeries,2008
0780541,tvSeries,2013
0787490,tvSeries,2008
0799862,tvSeries,2009
0800296,tvSeries,2016
0804432,tvSeries,2008
0804465,tvSeries,2012
0804484,tvSeries,2021
0808224,tvSeries,2025
0808358,tvSeries,2008
0808491,tvSeries,2023
0817377,tvSeries,2011
0823149,tvSeries,2008
0835055,tvSeries,2008
0835434,tvSeries,2008
0837143,tvSeries,2008
0838205,tvSeries,2008
0844441,tvSeries,2008
0844653,tvSeries,2008
0846347,tvSeries,2008
0850644,tvSeries,2008
0851851,tvSeries,2008
0861750,tvSeries,2008
0866442,tvSeries,2009
0870980,tvSeries,2008
0874439,tvSeries,2008
0876235,tvSeries,2008
0879390,tvSeries,2008
0883073,tvSeries,2008
0892535,tvSeries,2008
0892700,tvSeries,2008
0896527,tvSeries,2008
0899126,tvSeries,2009
0903747,tvSeries,2008
0905579,tvSeries,2008
0906712,tvSeries,2009
0910625,tvSeries,2008
0915414,tvSeries,2008
0917551,tvSeries,2008
0920537,tvSeries,2008
0927491,tvSeries,2011
0928173,tvSeries,2008
0928414,tvSeries,2008
0935095,tvSeries,2008
79132,movie,27205
79139,movie,27022
79318,movie,42918
52617,835787,54659
52885,851578,4977
52975,427327,2976
53207,411061,3489
53999,374563,14125
54004,762107,3563
54256,787475,10074
54281,423977,8669
54734,815244,10760
54785,373883,2082
54787,804461,11835
54910,437857,10961
55267,480242,7211
55820,477348,6977
56069,878695,13561
56095,995829,11148
56336,804555,13186
56782,469494,7345
56805,841046,6575
56869,489458,40860
57038,241663,60141
57274,1038988,8329
57418,63483,42635
57532,1073498,7278
57845,800099,18893
57951,770752,8676
58299,451079,12222
58301,808279,8461
59333,866439,10761
59721,427998,15378
59834,63970,37308
60072,493464,8909
60086,433350,15728
60135,479547,26354
60649,482603,11802
60756,838283,12133
60943,978759,10183
62155,981227,12182
62374,758774,12113
62999,479952,10527
63072,898367,20766
79553,1386932,37472
79592,1386588,27581
80590,1027718,33909
80599,172202,59572
80615,1219342,41216
81083,1523483,46837
81512,1212419,44603
82167,758752,43347
83132,1568921,51739
83506,1815899,198391
83976,1740047,63578
84160,1705977,52461
85316,72410,72185
86028,1220888,53172
86332,800369,10195
86345,1421373,45523
86817,491152,49022
87298,1531663,45658
87383,26252,29877
87522,1583420,59861
88272,1714208,65599
88785,1488555,49520
89047,1403177,44835
89300,1522334,60784
89427,1633356,65055
89759,1832382,60243
89804,1124035,10316
89837,1788391,74725
89864,1306980,40807
90061,1174042,70588
90357,1204340,76543
90647,448694,58423
91529,1345836,49026
92048,896872,65760
92198,1214962,74998
92264,1598828,54054
92535,2112999,80379
92681,1397514,72545
93498,1848902,91010
94939,1278449,48392
95167,1217209,62177
95207,1611224,72331
95441,1637725,72105
95858,248808,13930
96530,1619277,83403
96563,2028530,83660
96565,1920849,84174
96610,1276104,59967
96737,1343727,49049
96815,2105044,84348
96829,2106476,103663
96849,1876451,88036
97168,1183919,90125
97673,2147134,116167
97817,89852,164753
98124,2313197,123025
98279,2006040,101519
98369,2262308,119431
98473,59050,4311
98611,30302,43157
98829,108624,10852
98933,1934269,117629
99609,1242642,71208
99615,1634300,76421
99992,1770734,84336
100163,1428538,60304
100517,2258685,130750
101947,2007385,78056
102753,2404461,152780
102792,2024519,137182
103141,1453405,62211
103444,2397619,81167
103502,1877797,136386
103543,2265534,157375
104321,2364949,154282
104339,2294677,157360
104419,1494772,30061
104726,2237822,138217
105355,2278871,152584
106002,1731141,80274
106441,816442,203833
106542,1196948,41602
106766,2042568,86829
106870,2231554,134366
106916,1800241,168672
106920,1798709,152601
107555,845439,43766
108076,2459100,173480
108795,1186373,15359
109042,1545660,74461
109205,81242,206822
109249,105744,12124
109374,2278388,120467
109483,1800246,225565
110110,2567712,209276
110645,2404738,179538
110655,2357291,172385
110873,2113681,145247
112070,2172584,157851
112767,2182256,253310
112911,1267297,184315
113064,2967006,242088
113862,2980592,241848
114254,3478510,261855
114766,74768,56386
115216,2720680,266285
116887,1528100,147441
118082,1567437,244458
118326,2543702,270005
118898,2937898,241239
120392,2965412,276908
120805,1560169,26621
121618,16938,262176
122892,2395427,99861
123663,23322,53575
124859,2039393,284536
127114,3416744,249688
127136,2273657,245706
127319,1850397,72784
127728,847833,54325
128606,3544082,311291
129653,1710393,220620
129937,2199571,241554
130490,2908446,262500
132157,3450650,256961
133195,2679042,249070
134783,1674771,188222
135518,2140379,238615
135532,1618442,274854
135536,1386697,297761
136018,1355683,261023
136592,113112,196257
136654,2967008,254024
139385,1663202,281957
139644,3397884,273481
139915,1725986,253344
140247,4178092,328425
140739,419722,41423
140755,494253,77583
142258,4145178,319076
142997,2510894,159824
143385,3682448,296098
145307,102996,45147
147845,3275216,323679
148652,2479478,347969
151307,5278868,373355
152173,88263,92060
160440,movie,278348
160656,movie,353571
